-- 1. Wipe out any old data from the tables cleanly (in reverse order due to foreign keys)
TRUNCATE TABLE payments RESTART IDENTITY CASCADE;
TRUNCATE TABLE order_items RESTART IDENTITY CASCADE;
TRUNCATE TABLE orders RESTART IDENTITY CASCADE;
TRUNCATE TABLE products RESTART IDENTITY CASCADE;
TRUNCATE TABLE users RESTART IDENTITY CASCADE;

-- 2. Seed 50 Users
INSERT INTO users (name, email, password) VALUES
('Aarav Sharma', 'aarav.sharma@example.com', 'hash_pass_101'),
('Aditi Rao', 'aditi.rao@example.com', 'hash_pass_102'),
('Arjun Verma', 'arjun.verma@example.com', 'hash_pass_103'),
('Ananya Iyer', 'ananya.iyer@example.com', 'hash_pass_104'),
('Rohan Gupta', 'rohan.gupta@example.com', 'hash_pass_105'),
('Priya Patel', 'priya.patel@example.com', 'hash_pass_106'),
('Kabir Singh', 'kabir.singh@example.com', 'hash_pass_107'),
('Diya Mishra', 'diya.mishra@example.com', 'hash_pass_108'),
('Vivaan Reddy', 'vivaan.reddy@example.com', 'hash_pass_109'),
('Saanvi Nair', 'saanvi.nair@example.com', 'hash_pass_110'),
('Rahul Bose', 'rahul.bose@example.com', 'hash_pass_111'),
('Isha Choudhury', 'isha.choudhury@example.com', 'hash_pass_112'),
('Dev Joshi', 'dev.joshi@example.com', 'hash_pass_113'),
('Meera Sen', 'meera.sen@example.com', 'hash_pass_114'),
('Sai Kumar', 'sai.kumar@example.com', 'hash_pass_115'),
('Tara Deshmukh', 'tara.deshmukh@example.com', 'hash_pass_116'),
('Reyansh Saxena', 'reyansh.saxena@example.com', 'hash_pass_117'),
('Kriti Malhotra', 'kriti.malhotra@example.com', 'hash_pass_118'),
('Aaryan Khan', 'aaryan.khan@example.com', 'hash_pass_119'),
('Riya Kapoor', 'riya.kapoor@example.com', 'hash_pass_120'),
('John Doe', 'john.doe@example.com', 'hash_pass_121'),
('Jane Smith', 'jane.smith@example.com', 'hash_pass_122'),
('Michael Brown', 'michael.brown@example.com', 'hash_pass_123'),
('Emily Davis', 'emily.davis@example.com', 'hash_pass_124'),
('David Wilson', 'david.wilson@example.com', 'hash_pass_125'),
('Sarah Miller', 'sarah.miller@example.com', 'hash_pass_126'),
('James Taylor', 'james.taylor@example.com', 'hash_pass_127'),
('Linda Anderson', 'linda.anderson@example.com', 'hash_pass_128'),
('Robert Thomas', 'robert.thomas@example.com', 'hash_pass_129'),
('Jessica Jackson', 'jessica.jackson@example.com', 'hash_pass_130'),
('William White', 'william.white@example.com', 'hash_pass_131'),
('Karen Harris', 'karen.harris@example.com', 'hash_pass_132'),
('Joseph Martin', 'joseph.martin@example.com', 'hash_pass_133'),
('Nancy Thompson', 'nancy.thompson@example.com', 'hash_pass_134'),
('Thomas Garcia', 'thomas.garcia@example.com', 'hash_pass_135'),
('Lisa Martinez', 'lisa.martinez@example.com', 'hash_pass_136'),
('Charles Robinson', 'charles.robinson@example.com', 'hash_pass_137'),
('Betty Clark', 'betty.clark@example.com', 'hash_pass_138'),
('Christopher Rodriguez', 'chris.rod@example.com', 'hash_pass_139'),
('Margaret Lewis', 'margaret.lewis@example.com', 'hash_pass_140'),
('Daniel Lee', 'daniel.lee@example.com', 'hash_pass_141'),
('Sandra Walker', 'sandra.walker@example.com', 'hash_pass_142'),
('Matthew Hall', 'matthew.hall@example.com', 'hash_pass_143'),
('Ashley Allen', 'ashley.allen@example.com', 'hash_pass_144'),
('Anthony Young', 'anthony.young@example.com', 'hash_pass_145'),
('Dorothy Hernandez', 'dorothy.h@example.com', 'hash_pass_146'),
('Mark King', 'mark.king@example.com', 'hash_pass_147'),
('Kimberly Wright', 'kim.wright@example.com', 'hash_pass_148'),
('Donald Lopez', 'donald.lopez@example.com', 'hash_pass_149'),
('Donna Hill', 'donna.hill@example.com', 'hash_pass_150');

-- 3. Seed 50 Products
INSERT INTO products (name, price, stock_quantity) VALUES
('Wireless Bluetooth Earbuds', 2499.00, 150),
('Mechanical Gaming Keyboard', 4500.00, 85),
('Ergonomic Optical Mouse', 1200.00, 200),
('UltraWide 27-inch Monitor', 18500.00, 40),
('Noise Cancelling Headphones', 8999.00, 65),
('Smartphone Fast Charger Type-C', 799.00, 500),
('Braided USB-C Cable (2m)', 349.00, 1000),
('Portable 1TB External SSD', 7200.00, 110),
('Laptop Cooling Pad', 1500.00, 75),
('Full HD Webcam with Mic', 2800.00, 130),
('Leather Slim Wallet', 999.00, 250),
('Stainless Steel Water Bottle', 650.00, 400),
('Polarized Sports Sunglasses', 1800.00, 90),
('Waterproof Canvas Backpack', 2400.00, 120),
('Minimalist Wrist Watch', 3500.00, 80),
('Running Shoes Air Comfort', 4200.00, 140),
('Cotton Slim Fit Crewneck T-Shirt', 599.00, 600),
('Denim Jacket Classic Indigo', 2800.00, 70),
('Chino Trousers Relaxed Fit', 1499.00, 180),
('Athletic Workout Shorts', 899.00, 220),
('Ceramic Coffee Mug 350ml', 450.00, 300),
('Non-Stick Frying Pan 24cm', 1250.00, 95),
('Stainless Steel Knife Set (5pc)', 2200.00, 60),
('Electric Drip Coffee Maker', 3200.00, 45),
('Compact 4-Slice Toaster', 1850.00, 50),
('Smart LED Desk Lamp', 1999.00, 160),
('Memory Foam Pillow Standard', 1100.00, 140),
('Microfiber Bedsheet Set Queen', 1650.00, 105),
('Scented Candle Lavender Bloom', 399.00, 400),
('Wall Mounting Floating Shelves', 850.00, 125),
('Resistance Bands Exercise Set', 750.00, 250),
('Anti-Burst Gym Yoga Ball', 950.00, 180),
('Adjustable Dumbbell Pair 10kg', 3800.00, 35),
('Digital Bathroom Weight Scale', 1150.00, 150),
('Protein Shaker Bottle 700ml', 499.00, 350),
('Bluetooth Pocket Speaker', 1499.00, 210),
('Dual-Port Car Charging Adapter', 550.00, 300),
('Universal Phone Dashboard Mount', 690.00, 240),
('Tablet Protective Stand Case', 1299.00, 115),
('Screen Cleaning Microfiber Kit', 249.00, 800),
('Hardcover Bullet Journal Notebook', 450.00, 500),
('Gel Ink Rollerball Pens (10pc)', 350.00, 650),
('Desk Leather Blotter Pad', 1100.00, 140),
('Heavy Duty Steel Stapler', 299.00, 200),
('Mesh Document Desk Organizer', 650.00, 175),
('Organic Green Tea Bags (50pc)', 320.00, 450),
('Roasted Almonds Premium 500g', 699.00, 380),
('Dark Chocolate Bar 70% Cocoa', 199.00, 900),
('Instant Oats Energy Pack 1kg', 280.00, 500),
('Sparkling Apple Juice 750ml', 350.00, 160);

-- 4. Seed 15 Orders
INSERT INTO orders (id, user_id, status, total_amount) VALUES
(1, 1, 'delivered', 3699.00),
(2, 3, 'delivered', 4500.00),
(3, 5, 'shipped',   19649.00),
(4, 10, 'pending',  1198.00),
(5, 12, 'delivered', 1500.00),
(6, 15, 'cancelled', 2400.00),
(7, 21, 'delivered', 8999.00),
(8, 25, 'pending',   1380.00),
(9, 30, 'delivered', 750.00),
(10, 33, 'shipped',  3800.00),
(11, 40, 'delivered', 1247.00),
(12, 1, 'pending',   1500.00),
(13, 2, 'delivered', 349.00),
(14, 4, 'delivered', 14398.00),
(15, 8, 'cancelled', 3500.00);

ALTER SEQUENCE orders_id_seq RESTART WITH 16;

-- 5. Seed Order Items (Line receipts)
INSERT INTO order_items (order_id, product_id, quantity, price_at_purchase) VALUES
(1, 1, 1, 2499.00),
(1, 3, 1, 1200.00),
(2, 2, 1, 4500.00),
(3, 4, 1, 18500.00),
(3, 27, 1, 1149.00),
(4, 17, 2, 599.00),
(5, 9, 1, 1500.00),
(6, 14, 1, 2400.00),
(7, 5, 1, 8999.00),
(8, 34, 1, 1150.00),
(8, 48, 1, 230.00),
(9, 30, 1, 750.00),
(10, 33, 1, 3800.00),
(11, 40, 1, 249.00),
(11, 42, 1, 998.00),
(12, 9, 1, 1500.00),
(13, 7, 1, 349.00),
(14, 8, 1, 7200.00),
(14, 26, 2, 3100.00),
(14, 11, 1, 998.00),
(15, 15, 1, 3500.00);

-- 6. Seed Payments
INSERT INTO payments (order_id, amount, payment_status, payment_method) VALUES
(1, 3699.00,  'completed', 'UPI'),
(2, 4500.00,  'completed', 'Credit Card'),
(3, 19649.00, 'completed', 'Net Banking'),
(4, 1198.00,  'pending',   'UPI'),
(5, 1500.00,  'completed', 'Debit Card'),
(6, 2400.00,  'failed',    'Credit Card'),
(7, 8999.00,  'completed', 'PayPal'),
(8, 1380.00,  'pending',   'Cash on Delivery'),
(9, 750.00,   'completed', 'UPI'),
(10, 3800.00, 'completed', 'UPI'),
(11, 1247.00, 'completed', 'Debit Card'),
(12, 1500.00, 'pending',   'UPI'),
(13, 349.00,  'completed', 'Credit Card'),
(14, 14398.00, 'completed', 'Net Banking'),
(15, 3500.00, 'failed',    'UPI');
